               epoch,      train/box_loss,      train/obj_loss,      train/cls_loss,   metrics/precision,      metrics/recall,     metrics/mAP_0.5,metrics/mAP_0.5:0.95,        val/box_loss,        val/obj_loss,        val/cls_loss,               x/lr0,               x/lr1,               x/lr2
                   0,            0.072507,            0.027501,             0.02158,             0.63006,             0.67145,             0.69376,             0.22703,            0.049997,             0.01387,           0.0052779,            0.070061,           0.0033265,           0.0033265
                   1,            0.051822,            0.021446,           0.0093057,             0.72389,             0.76301,             0.76203,             0.28406,            0.043179,            0.013157,           0.0041067,            0.039995,           0.0065939,           0.0065939
                   2,            0.047688,            0.020212,           0.0083959,             0.81582,             0.79656,             0.83295,             0.39518,            0.037824,            0.014554,           0.0040145,           0.0098635,           0.0097953,           0.0097953
                   3,            0.044972,            0.020651,           0.0084081,             0.75448,             0.78271,             0.81183,             0.36418,            0.036518,            0.013141,            0.003879,            0.009703,            0.009703,            0.009703
                   4,            0.042191,            0.019941,           0.0074867,             0.79999,             0.81504,              0.8286,             0.42107,            0.033913,            0.013162,           0.0034063,            0.009703,            0.009703,            0.009703
                   5,            0.040255,            0.019611,           0.0065889,             0.84302,             0.80926,             0.85745,             0.51093,            0.029481,             0.01276,           0.0032354,            0.009604,            0.009604,            0.009604
                   6,            0.039302,            0.019409,           0.0065135,             0.87448,             0.82473,             0.89642,              0.5449,            0.028248,            0.011943,           0.0030238,            0.009505,            0.009505,            0.009505
                   7,             0.03821,            0.018837,           0.0063474,             0.86167,             0.83145,             0.88015,               0.487,            0.029691,            0.012056,           0.0032396,            0.009406,            0.009406,            0.009406
                   8,            0.037479,            0.018453,           0.0060375,             0.89786,             0.83907,             0.89908,             0.57104,            0.029363,             0.01179,           0.0030033,            0.009307,            0.009307,            0.009307
                   9,            0.036607,            0.018509,           0.0055147,             0.87429,             0.85531,             0.89992,             0.56048,            0.026679,            0.011721,           0.0027939,            0.009208,            0.009208,            0.009208
                  10,            0.036285,            0.018466,           0.0056295,             0.89181,             0.84377,             0.90685,             0.56655,            0.026908,            0.011491,           0.0027342,            0.009109,            0.009109,            0.009109
                  11,            0.035897,            0.018039,           0.0055243,             0.85653,             0.84704,             0.89259,              0.5845,            0.025616,             0.01169,           0.0027381,             0.00901,             0.00901,             0.00901
                  12,            0.035407,            0.018016,           0.0052578,             0.91056,             0.87298,             0.91922,             0.59138,            0.025646,            0.011375,           0.0025164,            0.008911,            0.008911,            0.008911
                  13,            0.034933,            0.017574,           0.0049896,             0.85891,             0.87496,             0.90647,             0.55065,            0.026673,            0.011966,           0.0026102,            0.008812,            0.008812,            0.008812
                  14,            0.034837,             0.01786,           0.0049827,             0.89784,             0.87627,             0.91807,             0.58893,             0.02543,            0.011602,           0.0022486,            0.008713,            0.008713,            0.008713
                  15,            0.034181,            0.017557,           0.0048031,             0.90331,              0.8902,             0.93426,             0.59811,            0.024906,             0.01113,           0.0023784,            0.008614,            0.008614,            0.008614
                  16,            0.033901,            0.017334,           0.0046645,              0.8832,             0.88346,             0.91724,             0.61715,            0.024473,            0.011391,           0.0025093,            0.008515,            0.008515,            0.008515
                  17,            0.033994,            0.017516,           0.0049883,             0.90419,             0.88521,             0.92287,             0.55329,            0.027989,            0.011098,           0.0022567,            0.008416,            0.008416,            0.008416
                  18,             0.03388,            0.017428,           0.0047889,             0.88246,             0.86626,              0.9222,             0.57554,            0.025531,            0.011639,           0.0023725,            0.008317,            0.008317,            0.008317
                  19,            0.033724,            0.017382,           0.0046636,             0.90951,             0.89066,              0.9341,             0.60406,            0.025148,            0.011225,           0.0020293,            0.008218,            0.008218,            0.008218
                  20,            0.033295,            0.017196,           0.0044995,             0.90807,             0.89825,             0.93688,             0.62944,            0.024255,            0.011126,           0.0022718,            0.008119,            0.008119,            0.008119
                  21,              0.0329,            0.017059,           0.0044885,             0.90115,             0.89241,             0.92277,             0.61833,            0.024041,            0.011108,           0.0021048,             0.00802,             0.00802,             0.00802
                  22,            0.032632,            0.016801,            0.004475,             0.91158,             0.88277,             0.92983,             0.59934,            0.024475,            0.011253,            0.002127,            0.007921,            0.007921,            0.007921
                  23,            0.032555,            0.016695,           0.0044593,             0.90522,             0.88397,             0.93211,             0.61296,            0.024295,            0.010915,           0.0024277,            0.007822,            0.007822,            0.007822
                  24,            0.032302,            0.016523,            0.004063,             0.91592,             0.87995,             0.93535,             0.62776,            0.023735,            0.010856,           0.0020447,            0.007723,            0.007723,            0.007723
                  25,            0.032535,            0.016731,           0.0042636,             0.90865,             0.89445,              0.9291,             0.61788,            0.023886,            0.011053,           0.0021124,            0.007624,            0.007624,            0.007624
                  26,            0.032257,            0.016686,           0.0041954,             0.90422,             0.89741,             0.93608,             0.62364,             0.02368,            0.010952,           0.0021206,            0.007525,            0.007525,            0.007525
                  27,            0.031626,            0.016318,           0.0040989,             0.90737,             0.89592,              0.9358,             0.62984,            0.023533,            0.011047,           0.0021029,            0.007426,            0.007426,            0.007426
                  28,            0.031812,            0.016607,           0.0041712,             0.91133,             0.89981,             0.93735,             0.64379,            0.023063,            0.011002,           0.0020665,            0.007327,            0.007327,            0.007327
                  29,            0.031567,            0.016412,           0.0039906,             0.91101,             0.89071,             0.93807,             0.63905,            0.022944,            0.011055,           0.0019692,            0.007228,            0.007228,            0.007228
                  30,            0.032023,            0.016445,           0.0041566,             0.91272,             0.91041,             0.93859,             0.64554,            0.022722,            0.010795,           0.0018876,            0.007129,            0.007129,            0.007129
                  31,            0.031509,            0.016239,           0.0038064,             0.92025,             0.90752,             0.94404,             0.65908,            0.022437,            0.010751,           0.0019167,             0.00703,             0.00703,             0.00703
                  32,            0.031089,            0.016325,           0.0038321,             0.91468,             0.90011,              0.9403,             0.64059,            0.022886,            0.010794,           0.0017809,            0.006931,            0.006931,            0.006931
                  33,            0.031474,            0.016411,            0.004117,             0.92821,             0.89659,             0.94281,             0.64462,            0.023297,            0.010846,           0.0020036,            0.006832,            0.006832,            0.006832
                  34,            0.030488,            0.015873,           0.0036979,             0.91672,              0.8911,             0.93785,             0.64365,             0.02286,            0.010688,           0.0020423,            0.006733,            0.006733,            0.006733
                  35,            0.030859,            0.015944,           0.0038783,             0.92432,             0.90011,             0.95054,             0.65673,            0.022979,            0.010679,           0.0021285,            0.006634,            0.006634,            0.006634
                  36,            0.030631,            0.015916,           0.0038966,             0.92901,             0.90481,             0.94911,             0.66605,            0.022252,            0.010721,           0.0019941,            0.006535,            0.006535,            0.006535
                  37,            0.030381,            0.016027,           0.0036326,             0.91821,             0.91302,             0.94785,              0.6623,            0.022048,            0.010704,           0.0020132,            0.006436,            0.006436,            0.006436
                  38,            0.031057,            0.016205,            0.003782,             0.91653,             0.90726,             0.94524,              0.6605,            0.022408,            0.010935,           0.0018907,            0.006337,            0.006337,            0.006337
                  39,             0.03062,            0.016328,           0.0039146,             0.92179,             0.90408,             0.94561,             0.67816,            0.022007,            0.010666,           0.0018981,            0.006238,            0.006238,            0.006238
                  40,            0.030472,            0.015909,           0.0038958,             0.91619,              0.9176,             0.95041,             0.66737,            0.022501,             0.01039,           0.0019122,            0.006139,            0.006139,            0.006139
                  41,            0.030337,            0.015986,           0.0037722,             0.91638,             0.90128,             0.94403,              0.6707,            0.022188,            0.010898,           0.0019933,             0.00604,             0.00604,             0.00604
                  42,            0.030135,            0.016069,           0.0040031,             0.92797,              0.9125,             0.94818,             0.67254,            0.021983,            0.010746,           0.0019446,            0.005941,            0.005941,            0.005941
                  43,            0.030225,            0.015632,           0.0036609,             0.93886,             0.91338,             0.94467,             0.66845,            0.021934,            0.010781,           0.0018148,            0.005842,            0.005842,            0.005842
                  44,             0.03012,            0.015706,           0.0036492,             0.92412,             0.91102,             0.94877,             0.65827,            0.022345,            0.010453,            0.001964,            0.005743,            0.005743,            0.005743
                  45,            0.030127,            0.015822,           0.0036853,             0.92735,             0.90737,             0.94987,             0.69473,            0.021393,            0.010622,           0.0019257,            0.005644,            0.005644,            0.005644
                  46,            0.029515,            0.015851,           0.0034987,              0.9203,             0.91029,             0.94657,             0.66948,            0.022116,            0.010607,            0.001801,            0.005545,            0.005545,            0.005545
                  47,            0.029749,            0.015741,           0.0035657,             0.92883,             0.90731,             0.94821,             0.69112,            0.021597,            0.010589,           0.0019193,            0.005446,            0.005446,            0.005446
                  48,            0.029334,            0.015463,           0.0034183,             0.93386,             0.92102,             0.95046,             0.67977,            0.021624,            0.010511,           0.0017454,            0.005347,            0.005347,            0.005347
                  49,            0.029106,            0.015535,           0.0036135,             0.91959,             0.91775,             0.94672,             0.68922,            0.021053,            0.010586,           0.0017775,            0.005248,            0.005248,            0.005248
                  50,            0.029049,            0.015461,           0.0034909,             0.92642,             0.90994,              0.9444,             0.67792,             0.02146,            0.010563,           0.0018576,            0.005149,            0.005149,            0.005149
                  51,            0.029105,            0.015374,           0.0034241,             0.92988,             0.90618,             0.94651,             0.68065,            0.021468,            0.010609,           0.0018942,             0.00505,             0.00505,             0.00505
                  52,            0.029383,            0.015434,           0.0033769,             0.92945,             0.91043,             0.94861,             0.67987,            0.021526,            0.010582,           0.0019017,            0.004951,            0.004951,            0.004951
                  53,            0.029305,            0.015435,           0.0034904,             0.92609,             0.91109,             0.94699,             0.67851,            0.021771,            0.010695,            0.001858,            0.004852,            0.004852,            0.004852
                  54,            0.028941,            0.015021,           0.0033436,             0.92704,              0.9145,             0.94672,             0.68743,            0.021078,            0.010672,           0.0018788,            0.004753,            0.004753,            0.004753
                  55,             0.02878,            0.015456,           0.0033579,             0.91984,             0.92045,             0.94503,             0.69609,            0.020857,            0.010693,           0.0019468,            0.004654,            0.004654,            0.004654
                  56,            0.028643,            0.015023,           0.0032253,             0.92637,             0.91575,             0.94755,             0.68466,            0.021172,            0.010668,             0.00178,            0.004555,            0.004555,            0.004555
                  57,            0.028376,            0.014995,           0.0032782,             0.92335,             0.91612,             0.95123,             0.69444,            0.021084,            0.010602,            0.001902,            0.004456,            0.004456,            0.004456
                  58,            0.028476,            0.014952,           0.0032548,             0.91804,             0.91623,             0.94834,             0.69236,            0.020817,            0.010491,           0.0017638,            0.004357,            0.004357,            0.004357
                  59,            0.028318,            0.015165,           0.0032657,             0.91913,             0.91663,             0.95014,             0.69381,            0.021092,            0.010566,           0.0017414,            0.004258,            0.004258,            0.004258
                  60,            0.028233,            0.014751,           0.0032439,             0.92263,             0.91734,             0.94946,              0.6895,            0.021005,            0.010544,           0.0017162,            0.004159,            0.004159,            0.004159
                  61,            0.028118,            0.014941,            0.003202,             0.91979,             0.90881,             0.94407,             0.68653,            0.020963,            0.010726,           0.0019136,             0.00406,             0.00406,             0.00406
                  62,            0.028148,            0.014959,           0.0032325,             0.92422,             0.91144,             0.94705,             0.68957,            0.020857,            0.010518,           0.0017172,            0.003961,            0.003961,            0.003961
                  63,            0.028124,            0.014976,           0.0031103,             0.92507,             0.91679,             0.94529,             0.69607,             0.02074,            0.010552,           0.0016674,            0.003862,            0.003862,            0.003862
                  64,            0.027667,            0.014848,            0.003293,             0.92651,             0.92107,             0.94925,             0.69893,            0.020584,            0.010373,           0.0018333,            0.003763,            0.003763,            0.003763
                  65,             0.02787,            0.014879,           0.0031449,             0.92521,             0.92238,             0.94791,             0.69666,            0.020752,            0.010407,           0.0018695,            0.003664,            0.003664,            0.003664
                  66,            0.027661,            0.014671,           0.0030852,             0.92609,             0.91435,             0.95133,             0.69512,              0.0208,            0.010463,           0.0018585,            0.003565,            0.003565,            0.003565
                  67,            0.027478,            0.014619,           0.0030369,              0.9237,             0.91371,             0.95078,             0.69268,            0.020866,            0.010574,           0.0018897,            0.003466,            0.003466,            0.003466
                  68,            0.027549,            0.014864,           0.0031124,             0.92127,             0.92043,             0.94743,             0.69701,            0.020582,            0.010511,           0.0017171,            0.003367,            0.003367,            0.003367
                  69,            0.027929,            0.014679,           0.0032344,             0.93199,             0.91808,             0.94845,             0.69898,            0.020677,            0.010481,           0.0016541,            0.003268,            0.003268,            0.003268
                  70,            0.027248,            0.014837,            0.003009,             0.92627,             0.92664,             0.94885,             0.69884,            0.020644,            0.010549,            0.001745,            0.003169,            0.003169,            0.003169
                  71,            0.027044,            0.014338,           0.0029112,             0.93106,             0.92112,             0.94842,             0.69839,             0.02059,            0.010524,           0.0017455,             0.00307,             0.00307,             0.00307
                  72,            0.027346,             0.01458,           0.0029186,             0.92697,             0.91651,             0.94824,             0.70398,            0.020491,             0.01048,           0.0018408,            0.002971,            0.002971,            0.002971
                  73,             0.02702,            0.014237,           0.0029966,             0.93349,             0.91776,             0.95031,             0.70179,            0.020478,            0.010379,           0.0017729,            0.002872,            0.002872,            0.002872
                  74,            0.027192,            0.014434,            0.003056,              0.9262,             0.92264,             0.94995,             0.70337,            0.020378,            0.010356,           0.0017656,            0.002773,            0.002773,            0.002773
                  75,            0.026987,             0.01462,           0.0030028,             0.92899,             0.91668,             0.94727,              0.7049,            0.020256,            0.010447,           0.0017347,            0.002674,            0.002674,            0.002674
                  76,            0.026962,            0.014504,           0.0030612,             0.93156,             0.92289,             0.95136,             0.70501,             0.02028,            0.010367,           0.0017007,            0.002575,            0.002575,            0.002575
                  77,            0.026548,            0.014379,           0.0029245,             0.93249,             0.92303,             0.95275,             0.70562,            0.020281,            0.010283,           0.0016955,            0.002476,            0.002476,            0.002476
                  78,               0.027,            0.014424,           0.0029815,             0.93384,             0.92001,             0.95159,             0.70478,            0.020201,            0.010345,           0.0016896,            0.002377,            0.002377,            0.002377
                  79,            0.026381,            0.014389,           0.0028062,              0.9336,               0.917,             0.95029,             0.70795,            0.020161,            0.010326,           0.0016439,            0.002278,            0.002278,            0.002278
                  80,            0.026421,            0.014318,           0.0026597,             0.92962,             0.92109,                0.95,             0.70767,             0.02024,            0.010338,           0.0016932,            0.002179,            0.002179,            0.002179
                  81,             0.02625,            0.014016,            0.002839,             0.93387,             0.91661,             0.95058,             0.70665,            0.020266,            0.010335,           0.0016923,             0.00208,             0.00208,             0.00208
                  82,            0.026565,            0.014173,           0.0027359,             0.93199,             0.91987,             0.95145,             0.70892,            0.020227,             0.01039,            0.001706,            0.001981,            0.001981,            0.001981
                  83,            0.026068,            0.014133,           0.0027419,             0.93377,             0.91817,             0.95002,             0.70789,            0.020306,            0.010467,            0.001716,            0.001882,            0.001882,            0.001882
                  84,            0.025929,            0.014035,           0.0027538,             0.93382,             0.92137,             0.94986,             0.70671,            0.020305,            0.010447,           0.0016773,            0.001783,            0.001783,            0.001783
                  85,            0.025832,            0.014064,           0.0027956,             0.93047,             0.91533,             0.94645,             0.70797,            0.020169,            0.010466,           0.0016567,            0.001684,            0.001684,            0.001684
                  86,            0.025783,            0.013946,           0.0027729,             0.92762,              0.9166,             0.94641,             0.70905,            0.020178,            0.010456,           0.0016763,            0.001585,            0.001585,            0.001585
                  87,            0.025796,            0.013933,           0.0027284,             0.93281,             0.91985,             0.94753,             0.70746,             0.02017,            0.010443,           0.0016834,            0.001486,            0.001486,            0.001486
                  88,            0.025583,            0.013667,           0.0026922,              0.9342,             0.91851,             0.94904,             0.71021,            0.020161,            0.010496,            0.001689,            0.001387,            0.001387,            0.001387
                  89,            0.025714,            0.014106,           0.0026624,             0.93639,             0.91731,              0.9484,             0.71226,            0.020138,            0.010533,           0.0016744,            0.001288,            0.001288,            0.001288
                  90,            0.025546,            0.014018,           0.0027104,              0.9346,             0.91784,              0.9488,             0.71314,            0.020116,            0.010556,           0.0016996,            0.001189,            0.001189,            0.001189
                  91,              0.0256,            0.013975,           0.0027925,             0.93579,             0.92061,             0.95052,             0.71554,            0.020102,            0.010567,            0.001681,             0.00109,             0.00109,             0.00109
